language,2013-09,2013-10,2013-11,2013-12,2014-01,2014-02,2014-03,2014-04,2014-05,2014-06,2014-07,2014-08,2014-09,2014-10,2014-11,2014-12,2015-01,2015-02,2015-03,2015-04,2015-05,2015-06,2015-07,2015-08,2015-09,2015-10,2015-11,2015-12,2016-01,2016-02,2016-03,2016-04,2016-05,2016-06,2016-07,2016-08,2016-09
JavaScript,1154856,1416759,691737,1394213,1576983,1603208,1878154,1964699,1694434,2025171,2127982,2091269,1907059,2305029,2295645,2382721,2637816,2683791,2994107,3044936,2982588,3060903,2841324,3093978,3332493,3566933,3407114,3605055,4045648,3470147,3212092,3283986,3035780,2616965,2402320,3357557,3038299
Java,771731,990002,494611,972530,1052041,1061569,1293415,1308961,1126686,1230831,1226669,1162154,1142222,1481725,1541552,1518778,1619856,1595874,2105128,2105001,2077050,1990011,1678688,1793960,2000170,2230748,2190199,2199898,2303466,1944745,1927803,1979062,1780101,1535735,1397331,1784954,1631605
Python,705626,853811,429258,785173,906546,1020562,1097369,1082497,970587,1144569,1227791,1185901,1073639,1301729,1223709,1271466,1426079,1461551,1679219,1682764,1596332,1633831,2052420,1690650,1707719,1828585,1718643,1797963,1928080,1814192,1760994,1748026,1682068,1461689,1342913,1797553,1649818
Ruby,633194,793607,414056,725821,789114,781843,886845,867450,757482,882739,908033,857533,793604,946543,865560,891713,997385,1003593,1122436,1061040,1016156,1063788,965053,1017522,1084575,1187937,1116097,1082812,1226792,1106495,1003609,982523,912559,737270,674683,945542,814696
PHP,569049,709799,375785,667959,766939,777025,868691,830905,715227,825142,877120,861648,779470,957898,945745,951167,1035734,1034252,1181649,1140217,1120886,1115478,1009046,1076920,1186579,1188755,1121671,1220818,1276723,1144475,1056813,1043169,986582,818924,702118,969393,885233
C++,449129,533964,284163,547334,590309,596918,677872,664379,608485,678590,708502,684048,642297,793063,806804,836200,864155,843680,1015571,1007663,980319,960855,879450,959882,961227,1033161,992095,1063964,1116485,1005530,991095,995549,960916,796666,684117,914878,855003
C,416876,484739,304642,485365,544404,535527,582396,569860,507010,570203,579672,534824,495108,612998,614474,632575,675644,640879,775486,741064,741286,709235,627986,821400,724351,784575,742622,795269,825150,745980,750695,725647,701540,603583,511472,645501,598052
CSS,308579,424854,58775,401776,442373,475496,585575,562017,474676,573998,672837,619093,548489,740958,654816,650487,752578,669273,718694,690685,711346,724036,633278,715022,774444,824053,761517,810079,959556,800438,718777,741412,695947,557467,515434,713810,710538
HTML,203204,255580,66646,214631,227228,215710,255628,274590,277302,323656,361942,394772,369360,495110,494892,543740,673523,879762,1211143,1204538,1208146,1170990,1087799,1228652,1369111,1477868,1401597,1439839,1744257,1525791,1316348,1377205,1239217,958484,855784,1312969,1148554
Shell,172940,235509,101817,235457,250412,250568,282648,271774,248939,281734,297689,292967,265860,545044,306556,331115,393534,364445,477852,435109,427415,436951,415596,536901,568774,608529,532153,533131,691780,662636,695159,678281,659248,587011,509843,699307,669627
C#,154872,207276,94969,199222,236888,228808,272671,284439,262809,286343,302860,305212,269459,358793,376018,375441,449832,440649,537734,558763,569888,515667,459812,528189,568011,649511,611177,655622,721655,567371,549678,584377,530339,435022,417175,640779,493692
Objective-C,132895,169279,93002,155541,176056,178163,215759,240537,204031,212776,244476,229947,182169,230578,224427,224824,246459,239929,289761,308301,288506,290803,266279,298012,305535,305027,304345,311928,310294,243413,255346,251704,235720,222351,212486,245717,210995
Perl,73007,81154,44696,71770,78396,75463,92735,82635,77239,84528,90765,102495,83332,91545,88015,94135,109533,94356,107986,95305,91341,97232,82013,91913,91350,96361,87779,89257,96231,97015,86027,86537,84749,73461,57922,74876,71345
Go,61665,73672,46071,84339,94535,93868,107950,127739,124688,162175,193990,180893,171800,199153,200337,237459,286284,285043,334418,337759,346728,354823,330164,373142,405160,420498,390785,406638,472082,463209,462633,448123,439659,382128,310616,510181,458541
VimL,57399,65128,32725,63861,68378,69401,79585,77031,62854,79227,84496,78943,57365,78656,81348,79508,92539,88694,95955,96552,94888,86186,80883,89922,91716,102463,94077,98736,111539,105661,98184,93821,86359,79343,67923,82146,81985
Scala,55302,69654,41403,58168,66406,71625,87666,89388,83088,100263,109321,103951,98639,116957,114866,116185,133025,135418,143937,148127,164832,157171,156892,149437,139532,151555,151264,148795,164288,156547,160986,156134,151310,130609,114102,180770,147841
CoffeeScript,51790,63850,29865,65178,70809,77382,93973,82790,84746,93158,101421,98578,88174,98093,98434,110409,115403,118266,124029,114979,125342,137143,118621,117289,117969,144740,116773,113333,115189,107846,105474,105510,98446,85027,70793,95386,96088
Haskell,33563,36473,20170,35155,41661,37946,47079,50425,44361,62229,54295,53137,43363,57900,52539,59383,68250,61337,71354,72967,67227,66281,65642,69217,71124,70565,64834,70356,79593,64339,58454,60536,60320,51365,46911,55416,50857
EmacsLisp,33024,40654,21481,39987,42885,38770,47536,41377,34576,39570,40795,45550,34485,48787,52247,55109,63699,53263,59005,59183,56752,55249,56074,59748,62026,65190,59719,62607,70886,60762,54517,53852,54767,45930,39290,46669,47793
Lua,30342,32949,21028,39063,45900,38027,39802,43779,40771,51297,55768,54878,40594,54880,55688,62516,70226,63469,73168,74920,75029,71245,63694,72780,73524,77638,77966,81949,97241,79962,78299,85643,76373,59468,64383,87744,71345
Clojure,24099,35231,17180,30076,38015,35264,36978,38256,31664,38279,40732,41795,40550,45422,43907,45964,50146,47060,52037,49254,52580,51029,48666,54324,58221,58599,57159,60599,59197,51387,49711,51575,45457,39810,36022,44379,40051
R,23152,32625,11907,31325,44168,40087,47301,73745,75736,83589,88432,86822,75709,91087,84698,87708,115327,114003,125303,127023,122693,129323,121432,119544,120934,121356,99757,111467,125808,111535,100449,98536,93681,80360,69231,95009,82142
TeX,22357,29989,7192,51241,51656,52105,67038,71239,65725,67240,57639,49097,51835,78170,79744,92326,83380,81139,99134,89554,102776,90283,63339,77363,92977,100378,102388,106461,97853,80128,76557,80692,77800,60565,45788,54845,55945
Erlang,18721,19906,13513,18933,19350,19128,21946,21002,18589,22120,19054,19543,16592,19877,22223,23198,23602,22772,25699,26540,25525,26216,24798,27362,27748,28942,25710,27427,27004,25757,29578,27379,25347,23683,20870,24538,24057
Puppet,17476,20830,7398,17190,18602,19120,22250,19469,18006,22036,21362,19356,18175,20963,18956,21266,23208,23225,22807,22040,19117,21444,18798,17679,17665,20827,18258,16809,23142,22275,21934,20092,17692,15154,11602,19000,18146
Groovy,16346,22198,10017,19334,22373,23860,26518,25338,23026,28003,29920,29594,24707,30530,28842,27180,27577,29011,37759,36349,31939,33195,31039,32706,35587,39780,33532,33255,35493,36460,35552,35409,32425,28968,23517,32139,29488
Matlab,13029,17297,7158,19695,16184,16497,20472,21626,18193,22357,20338,19147,18197,26902,29817,26277,25987,30550,37242,40282,42928,37629,30884,31228,35593,41351,42942,46006,43429,36507,34159,36684,32270,25471,23492,28108,26828
Rust,12538,15825,4276,17271,24414,25090,22246,26831,28386,38079,42287,37189,32981,43261,50148,60912,79002,65462,65673,74932,78287,68622,65335,71447,67024,74051,65855,72835,94661,87893,97212,87568,85250,67719,61520,92361,81231
OCaml,11274,13534,7304,16819,16865,13275,14660,14427,12594,13435,16017,16124,15596,18133,22785,21233,18147,16989,20452,19378,19571,28120,19582,20979,19389,24686,25255,25765,24471,26778,28559,25270,30505,22775,18104,25484,24866
Makefile,10484,12149,9235,14149,16729,14354,17553,17370,17634,18102,20857,20481,20699,26251,41406,46268,52888,48221,54312,56388,51862,51289,46739,49260,53675,64413,59156,60731,65001,58153,59982,58431,55191,45670,37816,61668,49660
Dart,10409,12022,6048,11679,15597,16231,18280,15467,15764,18095,17044,17537,14668,13770,10761,11262,12861,13530,17513,17078,17455,49353,10479,13106,14287,16340,16901,16240,16999,17094,15675,14147,13675,10527,6823,15290,14772
ActionScript,10117,12494,9689,13917,12615,10854,12399,12499,10946,11621,12281,11197,8083,10572,10432,9753,10029,8794,11949,10079,11171,9566,8055,8831,7388,8349,7875,8474,9687,7221,7008,8549,7304,5379,4420,5915,4990
XSLT,9549,10317,5096,9158,12840,11503,13315,12612,12210,13446,12045,13352,13370,12827,13504,12089,13346,13684,15659,15063,14504,12661,12259,13206,13984,15222,12489,14073,12789,13215,13331,13662,16874,12183,9478,14356,13042
TypeScript,8979,10194,2895,12512,15270,14414,21051,19952,16402,19069,24466,33614,21085,26598,25539,23307,24927,33875,42885,47858,57370,55020,53054,58839,69810,69958,87195,93178,112862,103198,113734,120523,121267,116739,111426,153282,160072
D,8365,10653,6941,12775,11166,14470,13299,12537,11322,10927,13535,12577,11747,12539,12545,10909,15542,14105,13244,14665,11969,11705,9214,14426,13279,11770,9320,10514,15367,15134,16154,19199,17227,11102,7775,13007,11074
FORTRAN,6671,7119,4613,5711,7452,7631,8398,8449,8842,10747,10193,8574,8566,9896,8476,9366,10132,12270,13109,12411,12500,12940,12063,11403,14442,14820,14575,15418,17923,14822,15031,14225,13953,12269,19512,14505,12320
CommonLisp,5983,6835,3816,6606,10341,11630,10289,10409,7424,8557,8472,8706,10413,10641,9999,13310,13800,11815,13888,12171,15472,12237,11284,12402,11804,12148,11852,13359,11821,10433,10261,11447,11371,8656,6779,9988,7920
Pascal,5808,6827,3557,6024,6417,6524,8439,7357,6529,7805,6581,6509,5882,8180,7690,8437,12162,10765,12444,12789,12197,12483,9812,13080,12913,15199,17227,16828,15801,13242,12032,11055,10364,9384,8582,10585,10500
Assembly,5789,6936,2723,7105,7336,8725,11585,9403,8466,8931,9990,8957,6791,12742,9337,9405,10194,10477,12385,14538,12343,12536,7946,10475,11004,14923,14566,13722,13988,10727,9927,13226,13317,8417,30423,11286,10225
Julia,5662,9207,4956,10120,14128,13994,15289,11845,12754,18425,16385,18802,16851,16614,16896,19476,22985,20622,21458,23561,25145,27664,25319,31240,38414,33330,26190,26689,24629,25938,29705,27886,34013,26776,24637,41177,37722
VisualBasic,5503,6109,1927,4797,5392,5477,6652,7516,6082,8162,8184,6691,7223,10814,10245,8887,9312,9908,14086,13137,11360,11698,11115,12593,12107,14004,14422,15717,18610,18422,13939,15651,14661,9752,7347,12092,11459
Arduino,5350,6192,2546,6756,7658,8746,10900,10188,8297,8632,10174,10795,8409,11261,11742,13164,13405,14010,16252,17164,17225,14191,13072,14418,15644,16570,16810,19475,22312,15501,13680,17477,13486,10194,10676,13836,11435
Haxe,4844,5126,2022,6355,7438,7714,8648,10506,8823,9354,7539,7204,9666,9868,9407,8399,10523,9756,10513,11302,9934,10570,8278,8970,8795,8925,8105,10112,10409,8541,11598,11230,7674,5835,5286,8307,8671
DM,4694,3779,193,6654,9374,8108,12018,8848,8403,10022,11093,10685,9211,12895,13492,15527,16863,19815,17432,19976,21657,23097,21070,18549,22943,25530,20622,32261,32986,35651,38998,40517,42093,31558,21337,34706,26362
PowerShell,4426,5128,2254,5856,6713,6218,7774,7680,7690,9492,11145,12056,10229,14124,13774,13624,16113,15164,19941,24311,25024,23330,22845,29634,27568,26973,38139,37741,52441,44688,48575,52590,52143,34678,29437,65892,58682
Racket,4312,5171,2515,3677,3937,3679,4657,4594,4557,4418,4655,3173,4060,4769,4344,5088,5176,5599,6243,8931,6110,5710,6037,7436,8112,8510,7105,7938,7053,5933,5187,5515,4662,3610,3813,4272,3264
Logos,4170,6588,694,4175,2038,1607,1531,1163,1285,905,1300,1140,1213,1856,2231,2590,1943,2380,3005,3718,2336,2652,3101,3247,2311,3745,2970,2482,2668,2047,2126,2656,1892,1498,1343,2329,1344
Scheme,4142,4935,2261,4904,6939,6120,5754,6220,6254,6242,7024,6591,5801,6758,6978,6049,6445,6360,6520,6419,6867,6917,5709,5629,6379,6486,6299,6349,7242,6862,5766,5651,5495,4351,4081,5525,5042
Elixir,3839,4490,1131,4986,4783,5882,4483,4562,6319,6199,9000,10844,8159,8520,6674,9407,11448,11527,12926,12981,16860,20103,18003,22660,25571,28238,25031,29951,36889,30967,31495,32206,32566,29789,29766,34295,32051
Swift,3690,4034,3235,4251,4862,3950,5223,6384,5169,54400,42285,44783,45020,59114,58017,64938,82070,93642,110997,137379,123915,130605,125526,143176,177129,197036,184432,224116,237867,216322,194106,199824,175653,150144,158215,198253,213164
ColdFusion,3491,3715,2100,2424,3260,3109,3308,2895,4288,4918,4854,3542,4576,3434,3159,2891,3435,3528,3803,3290,3728,3231,4399,4977,4136,6044,4134,7171,3914,5416,5562,8938,5555,9037,9549,4939,3272
Tcl,3086,3836,2898,3515,3836,2836,3399,3483,3344,3609,3762,4963,3168,9835,10381,11521,5635,3497,4537,4747,4696,4522,4432,3511,3882,7271,4116,4465,4426,3973,3818,3167,3488,2660,2823,3992,3442
Vala,2705,2417,1464,2664,2890,3072,3449,2400,2558,3348,4073,3828,2820,2695,2908,3709,4653,4772,4629,4883,7024,4085,3061,3619,2941,4001,2688,2880,4704,4051,3854,3647,3538,3297,4041,4740,4250
Processing,2688,4059,617,5477,5868,3977,5860,5944,4799,6913,4324,4707,4482,6944,7635,7770,10555,6469,8512,8474,9015,9845,5636,5710,6768,9546,11952,15816,16879,9652,6130,7191,7620,3675,3702,4378,3470
JupyterNotebook,2676,2617,5310,3598,4536,5436,7230,7437,5869,7310,11200,7877,9280,10291,11517,10242,14174,15304,19821,19726,19476,21457,22808,25744,34879,45892,53616,75595,86829,78153,67594,74060,62398,53772,48694,63461,66148
ASP,2605,4851,1405,4302,5143,5191,7493,11011,4237,4550,4337,4971,4876,9760,10443,10798,14098,10289,13238,15475,13052,9617,6504,8867,10087,13396,13438,12410,12089,5644,4403,5951,3143,2914,2049,4304,3151
F#,2604,5439,1762,6638,6570,5947,7812,6855,6273,7788,8299,5906,9317,9517,9639,10497,12034,12238,13434,13334,12247,11555,10526,12142,12739,15994,13485,16382,17589,12994,11709,15215,12426,10308,9965,12705,10323
Prolog,2186,3023,1199,2191,1668,1525,2017,2267,2794,1990,1614,2043,2552,3675,3880,3452,3762,3485,4018,3688,3283,3275,1772,2597,3817,4873,4803,4502,3275,2618,2164,2740,2140,2062,1276,1695,1681
PLpgSQL,2166,2136,737,1935,2388,2631,3069,3257,3278,3839,4255,3777,3204,3916,4384,5720,5620,5324,6995,7246,8267,7655,5195,6474,6843,7863,8462,8258,8463,8540,10711,9794,8732,7981,5873,7437,7272
Nix,1925,2307,1103,3849,5500,5404,5695,5703,4574,4631,4636,7441,6981,7677,7560,6783,9222,8525,7791,8303,8625,8086,7645,8410,9963,9405,10090,11241,13633,13345,14940,15182,14848,11301,11611,13554,18325
PostScript,1896,1996,597,1461,1478,1304,1697,2073,1551,1772,2195,2430,2662,4068,13286,7750,5750,4951,6417,6415,6460,6882,5616,5100,5891,4967,5455,6001,5123,4489,5499,4736,3378,2903,4153,3109,2903
WebOntologyLanguage,1883,2364,935,1496,1885,2584,3567,2909,2024,2782,3465,2074,2811,4217,3438,3110,8275,5324,7742,7931,6833,9723,6489,6256,7002,7464,7537,6806,5938,7350,6214,6023,5876,6014,4896,5686,5352
Eagle,1861,2487,767,2483,3020,2914,3218,3104,3013,4043,4144,4377,3864,4925,5662,6118,8442,10800,13386,11970,12081,9905,8734,9120,8039,9945,11462,10288,11028,8857,9140,9172,7087,6056,4353,5585,5979
Groff,1831,1645,1179,2153,2248,2727,2866,2532,2325,3477,2916,3512,3704,3787,3979,4573,9280,7141,11881,11265,9994,12477,10916,13075,13954,12253,10775,12582,13349,11963,11855,13304,10053,9008,7822,8866,9347
Verilog,1569,1825,939,2452,1972,1939,3822,3668,2413,2668,2320,1910,2444,3333,4001,4312,2496,2996,4654,6211,4975,3922,2978,2950,3667,4657,5811,6582,4214,2987,3450,3619,3635,2425,2097,2802,2618
Apex,1479,1771,812,1385,1734,2751,2427,2383,2093,2425,2549,2710,2433,2667,2426,1969,2500,2696,3007,2970,3322,2575,3529,3680,3018,4453,4471,4666,4748,5005,3801,3627,4751,2923,1987,3684,2122
Eiffel,1434,794,939,655,652,624,726,588,439,617,726,1013,1224,714,1441,1366,740,500,739,702,729,475,365,597,2440,1175,1077,1503,1227,595,558,863,905,447,441,515,339
LiveScript,1413,2126,361,2716,2300,2212,3063,3542,1593,2823,4387,4541,1624,1897,1571,1383,1908,1828,2977,2586,2733,3103,2361,2213,3109,2280,2288,2073,2970,2327,1553,1502,2199,1254,938,1851,1558
VHDL,1407,1913,731,2476,3549,4413,4790,4364,2887,2261,2863,2038,1431,3612,4959,4204,3576,3988,5364,5135,5580,4173,3513,3896,4635,5692,6496,4560,4974,5132,3499,4238,3355,2852,2308,2892,1715
StandardML,1274,2185,931,1958,1505,2042,1993,1881,1715,2261,1440,1788,1053,2327,2434,2480,2095,1876,2202,2024,2124,2899,2924,2762,2758,2092,2194,2057,2991,2798,2176,2257,2089,1717,1397,2021,1771
Coq,1258,1749,553,2045,1662,1497,1493,1563,1309,1921,2091,2280,3332,2847,2289,2658,3160,3131,2477,3206,2853,2599,2751,2038,3014,3366,2346,2350,2171,2645,2098,2368,2461,2759,2269,2635,2911
OpenEdgeABL,1182,2026,388,1535,1634,1135,1503,2009,2232,2638,2932,1700,1343,2397,2401,2265,1784,1835,3204,3002,3433,2928,2851,3292,2511,2136,2947,3771,2365,2140,1902,1589,1410,1094,1110,1290,1056
BitBake,1181,1630,1026,1402,2091,1510,1433,1254,1172,968,1520,1423,1226,1212,1212,2252,1808,2188,2065,2437,2161,2033,2295,3139,3043,2895,2955,2400,3521,4456,5565,4768,4357,3461,2680,3731,4178
AutoHotkey,1116,1329,238,1235,1478,1840,1641,1399,1389,1619,1439,1880,1896,1793,1188,1394,2016,2412,1962,1890,1936,1942,1753,2556,2590,3024,3529,3978,3837,2717,2758,3445,1974,1763,1843,1996,1890
Objective-C++,1091,1396,675,929,1347,1005,1811,6364,3571,2478,2591,2606,2385,2536,2403,2552,2987,2480,4974,4362,3490,3617,3139,7580,3833,3233,4742,8408,11668,5432,6334,6378,7259,4864,5674,9805,4698
Smalltalk,963,762,919,931,870,782,897,1036,1969,2767,1982,1007,1387,1368,1261,1254,1860,1717,2022,2052,2311,3093,2758,3055,1764,1639,1570,1535,2742,1647,1851,2127,2101,1753,1515,1887,1739
Delphi,957,578,970,197,141,82,138,113,90,125,58,70,63,61,42,53,76,83,83,49,47,33,48,37,20,21,31,171,44,24,23,71,31,25,87,69,60
GameMakerLanguage,956,1121,300,555,648,710,847,1173,1292,1695,1287,1559,1886,1276,1401,1688,2955,2577,2086,2776,1682,1052,1323,2114,1653,2559,2704,2002,3329,2165,1907,1715,852,788,888,1234,1754
SQF,928,744,43,485,890,948,1012,1482,1630,1890,2787,2930,5670,6850,6850,5454,8441,6514,7241,7239,7782,6487,3595,7737,7033,7768,6186,6775,9657,10117,9695,8433,8362,6143,6199,7519,5271
Xtend,913,654,200,638,584,550,630,1045,1190,1256,1414,1470,1124,804,889,1190,712,702,1290,1154,1320,999,726,1036,1992,1384,1724,1985,981,954,1481,1861,1557,1946,1517,2450,1598
CMake,882,1695,611,1849,1926,2372,2354,2523,2377,2839,2595,2752,2659,3949,3242,2938,3901,4460,8196,8774,7307,8553,8679,11047,10774,9241,7660,8305,11311,8903,11034,12802,10708,9853,7537,11093,10910
ApacheConf,870,1370,461,2015,3070,2366,2607,3651,2708,3585,5073,5394,5232,6754,6688,6544,13025,19529,24878,17334,17839,17392,14227,17097,21491,21641,12534,12078,16208,12929,11482,13613,10998,7210,6119,9048,9820
DOT,822,1508,120,1159,388,605,707,558,214,94,50,32,34,52,41,39,45,51,30,11,45,23,11,12,28,22,21,5,10,22,44,23,28,19,12,15,20
Batchfile,787,754,283,1426,1169,1074,1680,1727,1670,1531,1815,1633,1945,2022,2005,2815,3710,3547,5427,4831,6042,6716,6543,8909,9156,11268,9241,9128,10275,8477,8811,8602,8226,6391,5476,8049,8420
PLSQL,786,967,273,614,753,1011,1751,1824,2333,2907,3288,3272,3766,3735,3852,3856,3449,3201,5153,6591,6183,4729,3630,4853,4989,5258,5529,6304,6550,5114,4634,4388,3045,2928,2114,3826,3148
GAP,785,853,807,562,638,365,587,440,101,381,707,700,808,1119,763,569,464,606,2822,1067,564,1027,611,633,2183,1623,1618,1508,3366,2463,1524,1460,1618,1288,578,1270,965
IDL,763,752,341,1069,2989,2020,1978,2034,1304,1599,1969,1553,1302,1404,912,1085,908,1106,1337,1199,1518,914,948,1079,1093,1067,1205,1019,1204,1057,1041,1193,1310,1012,799,1359,1149
Perl6,756,753,459,580,913,908,933,1367,1180,1591,2065,1667,1759,2215,2181,2600,3527,4385,4519,4393,4656,3788,3466,4239,5560,8172,5698,7087,8541,3108,3493,3276,3541,3303,2927,3409,3276
Kotlin,746,692,458,472,631,964,1076,1248,1276,1578,2228,2454,2714,4201,3165,3918,3329,3539,5009,5810,6710,5592,4903,5782,8042,12294,14768,14181,15425,18307,16113,16754,13671,13068,19535,21520,13331
Mathematica,676,1082,378,1257,1646,1415,1786,1695,1420,1594,1790,4885,6090,7481,13511,9935,5161,7772,6832,6662,7059,5199,4212,5672,6516,7009,6614,6519,6305,6155,4192,4093,3237,2415,1993,3475,2360
Chapel,658,572,126,326,397,540,574,583,255,466,1793,2442,4359,1468,1814,1545,1564,2842,4449,1689,1319,1993,1611,1996,3813,1529,1197,1416,2076,1827,3309,1605,2042,1866,1069,2689,3578
Isabelle,648,203,342,330,437,959,769,651,463,435,528,325,90,234,128,124,82,312,290,527,339,602,407,447,481,332,269,531,410,359,503,455,566,314,344,376,251
Ada,635,1764,680,1241,1467,1140,1110,1710,1497,1235,1209,842,609,718,790,849,1111,854,1272,1399,1005,1066,1489,1108,1101,1348,1232,1513,1693,1401,1266,1659,1815,1135,855,1286,1606
Nemerle,624,794,259,315,213,210,303,333,648,370,193,132,152,194,16466,340,243,169,263,177,252,355,210,275,214,286,171,203,263,329,223,149,58,55,98,73,98
Factor,622,324,139,149,221,392,421,517,321,630,419,257,230,939,959,590,200,149,177,387,315,662,995,915,297,396,199,199,92,206,1372,560,643,647,287,379,248
CartoCSS,620,550,55,355,339,529,698,547,953,1375,1325,1382,1281,1392,737,1078,2032,1167,2127,1195,1931,1172,1811,2008,2012,1165,1163,480,462,677,772,471,622,972,1080,1151,1272
nesC,611,1183,1301,988,1259,2087,1967,1698,1324,1601,936,747,652,437,419,482,566,475,526,502,512,405,264,359,279,327,437,487,640,651,754,486,323,216,209,370,280
Brightscript,607,651,37,613,390,628,359,365,179,388,236,227,107,200,159,151,178,189,205,319,229,257,296,192,95,161,252,291,389,123,92,249,204,270,252,273,197
SuperCollider,579,750,114,444,591,569,586,843,557,1128,690,424,513,857,1318,575,849,792,1126,1075,1532,1206,1041,883,1890,1242,840,679,861,1017,981,733,671,601,387,885,865
Max,579,1591,236,1409,1027,905,1423,1190,1572,1623,778,824,643,983,979,1321,1241,1887,2124,2306,1525,1341,1395,1276,1402,1583,1447,1408,1449,1119,1046,1075,519,620,721,757,650
XQuery,559,607,444,675,968,747,820,1083,1090,1046,1088,1421,849,2122,1512,1524,2024,1725,2251,1648,2240,2030,1657,1235,1372,2155,1841,1677,1480,1760,2070,1976,2106,1873,1794,2197,1165
XML,535,645,628,749,993,662,952,680,604,1226,698,1041,1009,1558,1910,2033,5384,23321,1923,447,236,124,108,93,98,100,129,117,204,150,150,240,176,168,78,160,190
SQLPL,517,609,407,713,567,891,979,1276,651,1412,1337,1023,672,1115,1217,1211,1524,1383,2015,3195,2976,2479,2624,2463,2316,3125,2374,2604,2540,2097,1859,1770,1317,1200,1054,1768,1664
Scilab,502,512,324,355,442,544,602,491,192,129,262,414,329,445,367,187,174,299,390,524,603,503,534,514,684,727,514,492,375,479,840,730,434,243,205,244,153
BlitzBasic,466,525,241,530,707,700,787,845,709,665,719,536,505,488,326,424,215,77,178,46,97,45,93,39,45,35,68,73,59,71,44,40,27,18,34,69,65
SourcePawn,448,542,539,275,647,705,915,992,1186,1470,2043,2141,1970,2883,2449,1830,2102,2446,3298,2402,1989,2626,4041,3076,3415,3678,3133,4732,5339,4599,4438,3907,3754,3462,2909,3494,3424
KiCad,445,411,259,654,878,1104,997,983,769,1135,1202,1422,1307,1318,1569,1943,2636,2644,3392,3068,3448,4395,4947,5076,4386,5066,5230,6172,6011,5203,4188,4338,4100,3875,3629,4946,3800
Cucumber,441,515,336,362,883,519,484,706,677,621,781,570,1203,3272,3790,3643,2196,2060,3005,3311,2015,3666,3264,2589,3494,3321,2699,2554,2881,2321,3212,2551,2380,1804,1806,3447,2477
OpenSCAD,432,472,220,333,437,526,605,655,653,833,900,984,1642,1649,1822,1715,2443,2725,2067,2301,2336,2130,1520,1905,1946,1858,1681,2218,2634,2198,1520,1699,1406,1194,1074,1027,1023
SaltStack,428,540,4,343,612,920,509,464,783,744,855,1097,1395,1498,1621,1688,1939,2555,2616,2410,3577,3342,4082,5242,4822,5114,3633,4755,6546,5646,5169,4436,6833,3546,3936,4854,6996
Modelica,419,336,106,229,328,420,425,1068,631,1071,699,511,535,1426,1087,984,1587,1222,1493,795,1652,2250,2197,2052,2062,2275,2817,1559,1551,3400,3179,3822,3080,1757,1264,1237,2304
Stan,416,801,210,587,572,677,455,304,761,657,1338,2364,994,485,491,424,655,743,1293,324,472,711,495,407,327,402,575,431,154,260,512,502,193,319,272,544,413
NSIS,397,338,134,213,236,157,244,283,237,191,184,207,258,313,301,278,1309,1120,1542,1762,1219,1296,1176,2003,1670,2991,1929,2657,2692,1753,2263,2111,1230,1324,1575,1771,1788
Parrot,392,546,73,92,133,97,160,92,65,49,104,119,171,122,121,112,173,237,168,183,55,67,83,118,169,235,190,160,180,151,135,227,212,107,170,185,191
PureData,391,404,107,345,426,605,891,384,456,655,672,657,594,457,416,601,497,574,594,731,921,741,437,609,979,844,942,1115,1185,614,517,558,412,254,191,358,319
SQL,391,413,349,613,585,778,2051,2901,7469,2038,684,410,264,159,125,158,178,198,87,96,61,73,27,22,23,17,23,38,23,38,53,82,81,58,24,33,30
Objective-J,391,860,1331,1017,989,1223,886,940,954,1835,3235,1404,1255,1005,1307,1059,1006,1157,1134,834,726,842,479,631,1188,787,788,597,919,979,1075,654,749,719,603,892,664
QML,385,629,735,1067,1538,1786,3359,3222,1788,2107,3053,2874,3353,3755,3734,3329,4823,6274,7099,5811,5738,5708,4925,4726,6853,6575,5039,5923,6762,4190,4418,5254,3659,3744,3824,5678,4230
Io,383,252,208,98,90,94,142,135,94,130,105,106,170,161,188,120,114,161,489,447,291,122,146,141,101,122,50,171,221,142,256,159,83,49,27,52,99
Nimrod,380,720,362,1331,855,1441,1420,1348,868,982,1066,1197,533,975,1089,1790,3567,3633,3675,2926,4918,4238,2292,2537,2993,1923,2343,2387,3074,2953,2747,2654,2545,3316,2115,2959,2647
Inform7,377,285,369,811,873,815,274,411,616,752,232,423,600,811,349,534,404,307,542,779,627,290,330,235,249,155,161,408,520,232,229,343,468,910,700,653,1202
Smarty,376,956,205,957,1087,972,1375,1381,1229,1095,1512,1465,1536,1428,1759,1355,3003,1856,3536,3912,3472,3942,3645,3664,4051,4177,3714,3297,5560,4456,3976,4157,3494,2854,2317,3740,3247
AppleScript,374,506,492,891,938,1031,995,1095,602,1107,758,749,601,793,1010,1033,1155,765,777,845,792,625,785,2951,1697,1185,1128,784,964,723,695,576,1028,687,568,739,701
Gnuplot,359,339,154,263,370,118,222,550,2953,1221,773,791,595,573,601,977,1423,885,689,1228,4667,1356,792,1037,934,1137,739,772,1282,1476,1212,754,1202,1761,765,973,1668
Agda,354,291,216,455,614,743,552,654,437,1024,550,646,394,694,629,724,693,1063,1002,1423,1529,1687,1198,606,1093,1007,930,662,1029,989,687,672,972,1176,523,609,531
Crystal,330,174,138,252,268,234,317,174,236,412,545,363,433,370,916,901,746,1193,1559,2029,2859,4392,3070,5549,7179,5153,2917,3697,4437,5542,4938,3894,4666,5446,3631,5557,4219
Diff,296,220,100,522,256,240,288,218,133,397,208,555,284,555,420,527,992,1256,3002,314,166,226,103,209,152,174,89,191,182,257,264,235,247,287,77,200,195
Awk,296,336,52,330,323,199,502,298,220,306,207,340,443,426,218,379,373,355,423,547,697,523,289,470,287,482,427,498,1762,431,852,600,521,306,212,1348,404
AGSScript,292,465,325,419,453,527,607,507,618,360,377,388,852,2496,1480,835,841,594,547,769,309,606,461,354,747,625,312,346,496,464,570,437,472,351,267,426,511
M,261,548,64,577,408,513,488,509,358,388,316,314,277,553,705,691,574,590,549,450,262,217,124,196,228,272,310,243,315,190,311,324,460,253,261,301,305
Ceylon,254,714,132,610,516,394,459,264,552,646,681,696,585,604,373,718,547,442,482,432,527,428,413,343,681,938,865,926,714,852,856,470,384,451,304,430,741
UnrealScript,254,178,53,381,664,516,482,307,347,235,174,106,55,172,178,89,117,61,155,149,51,79,56,139,164,212,152,228,315,281,282,341,409,350,290,265,354
Lasso,250,406,57,508,329,287,273,195,91,102,96,136,92,164,128,202,173,100,265,148,248,107,371,527,47,81,103,147,80,353,167,95,59,98,145,207,62
LoomScript,226,231,0,454,209,106,59,125,345,260,260,248,186,46,85,259,192,507,393,308,208,249,439,400,651,230,98,171,46,322,132,182,327,151,61,153,97
Dylan,224,133,159,609,876,480,426,295,501,581,250,84,317,210,196,124,226,163,141,231,207,179,220,254,371,539,193,146,216,124,84,61,6,4,11,9,7
HaXe,212,278,924,162,258,207,218,157,117,111,48,121,17,61,57,23,52,35,27,25,31,38,19,18,14,39,94,18,12,35,39,21,30,19,11,32,24
LSL,210,145,3,426,250,483,1245,454,182,206,276,777,607,453,618,787,652,310,338,371,231,388,728,782,466,468,384,239,928,282,287,376,230,155,160,221,301
eC,209,669,18,16,21,299,225,389,177,649,189,158,320,258,83,91,25,81,125,100,22,72,15,3,244,158,786,384,296,152,302,243,134,250,238,189,112
REALbasic,209,239,147,64,114,151,95,67,241,113,57,73,113,123,42,86,115,110,85,111,220,215,129,163,123,119,157,67,42,42,75,198,180,87,64,173,75
Gosu,195,310,69,347,261,367,443,849,733,1202,1500,1625,1061,1582,863,626,888,724,951,1016,923,1547,912,704,918,720,1103,1014,1057,1308,1385,1012,1182,882,930,868,720
MoonScript,193,390,47,206,409,507,401,256,346,366,623,580,403,573,374,455,816,823,636,925,640,500,508,509,823,439,514,816,856,593,1076,507,294,391,533,437,404
XC,193,566,71,412,383,287,334,479,239,319,326,174,131,95,149,71,200,159,63,142,258,190,318,165,565,253,377,451,463,352,482,272,414,419,216,326,300
LabVIEW,183,176,235,159,429,608,383,167,262,279,301,716,1146,850,1176,1034,2112,2069,1508,952,633,782,724,697,698,965,748,726,1306,1441,779,879,657,639,648,704,554
X10,177,295,75,133,133,87,91,60,63,117,113,102,165,166,112,83,127,94,109,118,69,86,37,68,138,188,114,63,105,42,78,51,25,44,15,9,32
SMT,177,152,374,195,240,177,174,416,289,638,185,164,170,256,149,110,311,690,968,917,957,869,385,322,511,1208,563,559,688,628,518,521,759,564,387,694,450
Rebol,173,141,91,94,139,172,271,599,441,148,254,134,124,287,124,141,220,291,740,547,518,450,381,311,554,353,290,258,280,346,203,249,95,155,121,149,158
Yacc,173,73,123,96,85,179,91,78,88,112,54,78,32,85,138,96,257,192,381,601,776,834,478,177,368,510,897,1151,1147,579,515,373,542,339,258,225,519
Ecl,172,51,20,17,85,73,48,51,41,49,256,40,60,53,35,23,111,55,69,60,38,131,85,44,59,16,71,88,71,51,3,24,43,41,118,169,89
APL,170,79,53,98,42,56,138,68,203,193,136,172,105,123,87,43,150,53,119,87,289,348,60,134,114,176,149,85,134,74,168,67,112,62,102,122,145
ATS,163,207,59,301,499,246,219,191,496,229,150,304,322,321,271,654,354,252,248,270,452,206,120,183,372,252,180,220,274,243,138,90,256,233,187,142,141
LilyPond,163,281,121,351,198,236,278,263,238,337,376,797,156,392,380,763,851,533,809,1200,618,979,822,725,1224,1068,946,1099,936,732,509,566,455,469,423,244,369
Red,162,160,35,365,199,280,392,532,353,339,212,182,195,233,294,109,263,249,342,457,380,407,387,483,419,513,758,433,445,728,758,697,693,989,552,420,453
COBOL,157,241,178,340,335,602,389,588,459,353,294,259,164,241,205,260,279,256,665,274,420,531,257,470,157,240,251,261,140,183,107,110,336,161,93,123,49
Nginx,150,207,108,334,226,321,355,404,371,480,615,799,742,1122,1028,1132,1409,2002,2604,2741,3205,3107,2590,2899,3590,3455,3920,4229,4879,3449,4165,3796,4083,2903,3099,4428,5527
Slash,141,224,56,142,270,63,154,273,97,28,14,10,7,11,28,77,62,36,202,638,695,845,798,819,683,656,1091,369,444,390,474,779,709,367,260,667,530
Forth,136,230,91,143,361,174,197,173,295,356,342,201,139,194,243,245,530,630,713,713,628,579,521,647,691,681,870,1280,1203,560,494,520,527,411,551,541,478
Lex,136,168,51,91,72,94,159,311,119,167,81,309,114,142,145,141,122,116,164,217,354,237,196,442,510,538,342,397,465,372,653,1382,646,458,237,266,381
GrammaticalFramework,135,101,26,40,122,89,96,94,31,114,63,70,94,184,69,192,104,83,105,88,124,116,223,78,56,34,106,58,66,167,137,102,144,106,74,98,61
xBase,130,242,198,316,370,281,616,909,455,525,394,282,263,757,225,411,548,277,618,538,432,542,427,258,396,499,502,379,553,689,622,818,358,411,254,411,297
Cuda,121,181,33,242,653,381,673,1021,1546,2512,2246,1476,1791,2500,2096,2620,2710,2223,3049,3538,3705,3723,3311,3260,2983,3326,2765,3749,5464,3437,3519,3159,2552,2487,2274,2429,2990
APIBlueprint,113,250,270,65,140,320,415,299,347,735,772,504,1048,1093,724,850,809,1088,1641,1467,1712,1762,2225,1743,2454,3279,2511,2192,2507,2616,2007,2220,1559,1893,1656,1463,1685
Handlebars,113,81,24,185,346,659,591,364,280,696,622,379,1120,1492,565,663,1090,4376,3179,2594,3527,2779,2005,2523,943,247,268,194,248,235,826,473,623,152,81,161,118
GLSL,111,113,109,262,297,246,223,143,226,453,390,588,641,895,3010,2468,1735,2328,6747,5556,3952,3690,2869,4019,3160,5476,4351,5259,6562,3751,4107,4638,3210,2255,2341,4211,3374
ProtocolBuffer,108,210,84,137,74,90,130,270,265,155,176,190,130,255,177,281,191,339,641,984,781,918,1238,1481,1470,1437,1697,1859,1309,1474,1582,1084,1418,1177,4897,7867,2389
Bluespec,106,624,0,418,365,416,394,554,374,489,582,397,220,290,452,283,376,463,751,365,426,348,315,340,274,439,331,293,465,166,309,340,328,276,157,245,192
Smali,94,129,30,67,62,42,94,86,29,44,101,151,238,278,150,215,667,369,446,811,577,594,606,629,786,919,837,879,904,559,527,1785,938,559,579,6831,546
Mercury,92,73,84,102,178,172,153,232,603,498,752,469,473,462,466,867,464,208,160,137,390,158,208,220,298,228,212,250,214,314,195,213,346,190,138,177,151
AutoIt,92,115,139,454,431,506,891,1277,496,627,436,717,391,851,561,594,819,1130,997,1994,3265,1157,997,820,1019,905,668,1439,1903,1215,953,1270,744,717,571,1030,556
XS,91,87,25,32,61,67,5,10,30,15,98,28,40,20,244,78,71,39,74,53,89,110,59,99,77,49,75,67,101,29,75,78,15,26,98,61,11
Mask,86,21,29,277,315,111,121,14,57,54,16,58,22,86,81,36,11,75,134,115,132,44,52,104,78,89,78,69,27,43,44,7,70,49,41,76,91
PAWN,84,57,43,325,236,459,580,224,257,163,310,312,278,244,357,304,406,503,549,457,336,382,149,162,107,332,299,711,795,537,682,691,1166,431,482,979,762
J,83,71,103,63,95,173,160,141,123,50,84,29,44,63,127,95,126,68,53,90,88,153,78,57,59,73,37,302,61,73,41,65,80,83,114,97,64
GettextCatalog,82,111,141,148,198,237,223,354,524,463,648,272,392,523,592,461,571,966,2924,152,178,100,41,25,20,36,80,52,64,85,155,64,67,21,28,78,59
SAS,80,14,41,96,60,184,575,45,2202,2504,535,714,748,1185,441,432,452,309,594,429,538,528,480,394,617,718,612,616,823,834,785,832,941,1098,666,738,521
SAS,80,14,41,96,60,184,575,45,2202,2504,535,714,748,1185,441,432,452,309,594,429,538,528,480,394,617,718,612,616,823,834,785,832,941,1098,666,738,521
Logtalk,80,100,38,98,118,137,112,130,67,125,97,75,51,104,132,108,89,78,6,41,72,33,37,47,90,97,89,17,6,135,75,30,171,73,29,89,69
Idris,80,117,0,240,218,360,194,444,367,298,363,226,203,424,262,406,382,393,395,342,494,412,173,535,525,613,587,284,390,286,189,166,209,193,292,411,257
Liquid,76,83,15,59,193,232,733,833,679,1167,785,1448,972,1252,824,1030,751,1371,1666,894,1066,1388,1287,1215,1153,3103,2112,1817,1540,1407,2314,2497,771,488,870,1007,1243
Limbo,72,7,0,20,11,76,84,150,20,79,51,46,9,37,28,51,23,63,159,80,198,130,105,146,168,193,44,104,135,177,142,41,86,102,47,47,58
Oxygene,71,173,11,592,38,19,56,6,0,1,1,7,0,0,1,1,0,0,2,3,1,1,1,1,0,0,0,0,3,1,0,1,1,0,0,3,1
Mako,70,78,67,37,11,44,96,147,60,198,76,268,174,128,96,189,159,267,290,159,318,121,280,147,214,169,216,205,325,194,68,52,73,49,155,132,74
Modula-2,69,203,1,26,65,49,43,58,22,12,42,106,70,5,1,9,25,51,57,9,48,23,56,43,58,50,51,605,478,288,328,244,390,592,436,249,242
Oz,67,83,5,66,17,135,248,105,424,189,102,99,228,68,258,382,78,30,83,30,141,62,49,75,239,85,129,62,190,18,29,3,16,6,5,44,47
Squirrel,63,111,29,172,292,182,241,256,183,279,219,229,156,203,266,214,182,193,253,387,264,635,694,519,623,257,354,582,1097,732,1073,806,1041,417,562,994,1157
LLVM,62,194,1,157,130,105,436,147,96,34,143,103,58,269,157,366,329,386,399,447,1213,514,1035,641,1387,535,414,374,136,201,187,421,217,502,316,616,593
Elm,62,172,13,465,382,271,421,511,719,841,974,1118,858,1047,1536,2499,2970,2329,2087,2407,2948,2947,3073,4500,3374,3955,5390,7485,7432,5512,5324,4987,8012,6561,6011,6767,6601
Augeas,60,156,91,121,109,203,130,140,139,195,78,73,73,99,85,131,126,112,109,239,148,137,202,150,237,46,192,309,28,58,73,100,74,96,133,73,157
Opa,60,11,18,17,11,17,10,8,1,7,3,3,9,8,0,1,6,18,8,43,18,46,51,43,9,16,15,15,2,0,4,6,6,10,9,5,8
AMPL,54,78,10,81,108,77,232,128,34,48,43,89,74,129,75,100,595,390,310,375,431,329,692,281,434,621,668,615,890,872,828,685,863,1078,568,618,523
Self,53,4,50,10,87,45,37,39,11,5,5,1,49,36,9,10,9,5,33,7,16,8,2,5,16,46,32,10,11,13,8,11,30,28,115,14,14
Frege,51,89,71,70,58,119,198,261,87,119,131,159,99,316,314,268,214,420,553,218,147,215,232,608,345,536,502,600,688,382,566,327,273,105,77,97,166
DCPU-16ASM,51,5,159,26,93,30,37,8,2,5,6,4,0,0,1,0,1,1,3,1,1,7,1,0,0,5,2,2,0,0,6,1,2,0,4,2,1
SystemVerilog,50,95,50,98,56,147,179,368,274,135,312,249,243,388,858,1402,196,521,342,1060,729,430,357,312,618,1279,1226,1721,607,644,851,789,583,585,593,569,423
PropellerSpin,49,42,43,53,97,160,203,278,308,581,420,315,431,258,392,225,329,286,333,294,191,142,118,53,234,513,226,224,235,308,296,182,158,167,240,177,208
NetLogo,49,223,19,213,204,236,344,519,550,259,306,267,337,586,587,657,384,539,1394,929,1277,746,1357,683,772,670,783,862,969,809,641,620,664,446,281,626,335
Pike,46,45,2,175,166,240,211,137,139,198,265,258,128,270,191,241,147,182,198,190,209,197,209,240,148,239,173,262,195,223,317,323,219,149,118,93,139
Mirah,46,16,90,54,75,76,69,12,3,30,116,93,90,83,23,8,43,77,85,202,23,138,378,103,85,64,52,144,116,172,103,22,35,35,44,79,67
NewLisp,42,77,15,101,206,201,11,83,113,28,23,86,126,108,55,20,21,67,101,58,118,311,61,102,76,62,183,146,259,79,144,49,51,111,137,133,53
Volt,38,29,23,21,54,27,47,39,68,10,30,23,10,9,4,18,42,42,22,63,103,106,130,70,61,114,235,168,125,129,64,46,79,168,148,247,188
Bro,38,111,16,54,53,44,63,58,80,22,45,40,166,154,77,135,135,105,83,130,128,94,39,248,286,178,130,186,252,323,333,456,447,411,385,391,338
NCL,35,33,0,5,22,11,22,13,4,21,5,4,1,1,4,6,5,8,8,23,1,20,19,90,224,130,103,106,76,31,23,33,38,39,23,78,80
Brainfuck,33,13,9,19,13,16,39,57,29,217,462,395,430,444,418,364,431,432,694,796,707,626,457,183,216,155,144,694,108,101,105,112,95,73,147,117,70
Arc,33,31,35,142,220,158,97,244,186,94,57,30,46,159,187,62,72,112,116,148,102,58,48,39,74,26,38,49,37,57,375,88,56,35,20,33,73
Pan,32,212,2,108,10,174,529,292,208,438,224,131,256,227,354,92,42,46,332,257,306,114,11,169,131,83,75,155,313,275,230,300,140,143,216,118,114
Clean,31,11,3,44,11,12,34,5,16,92,9,1,16,17,43,22,11,32,103,166,498,17,31,113,68,75,68,92,88,160,155,142,115,29,10,34,39
Hack,31,13,0,47,73,104,136,139,304,167,167,206,150,422,612,787,717,1495,966,827,573,793,328,1101,950,1102,1734,1504,821,517,483,636,5189,838,459,608,1135
Nu,30,17,72,13,19,65,12,9,23,23,44,54,19,30,64,11,25,15,2,4,34,5,6,3,1,3,6,4,6,4,0,4,26,1,0,0,0
RagelinRubyHost,30,52,24,109,83,164,458,705,27,132,23,20,6,50,22,15,24,28,29,32,22,264,23,31,15,42,15,61,16,11,38,49,44,8,12,21,12
CLIPS,29,57,0,27,115,44,415,321,204,32,70,164,71,273,110,76,34,66,128,152,237,181,59,7,69,118,175,136,98,55,55,149,14,90,17,103,56
Genshi,29,58,13,61,135,140,200,140,48,45,39,71,43,76,32,21,41,35,142,153,139,179,121,41,114,58,55,48,184,79,98,154,107,135,115,182,228
Vue,28,16,1,259,57,39,46,51,9,30,44,12,35,60,73,33,22,114,110,41,71,338,460,593,516,965,1800,2458,2818,1962,1998,2985,2579,5799,5116,7658,7770
FLUX,27,11,7,118,78,25,52,108,55,69,101,68,74,72,85,82,131,158,119,185,120,115,196,171,143,338,184,103,222,404,382,217,125,130,125,85,159
VCL,26,85,33,65,82,70,119,44,72,105,190,122,172,201,208,206,210,144,210,196,54,18,25,22,18,10,17,22,12,17,12,12,8,7,6,5,14
InnoSetup,25,96,88,123,189,70,177,197,164,211,414,365,297,260,283,294,245,304,937,727,522,647,428,561,669,471,398,416,436,535,333,263,326,276,154,269,246
Pony,25,25,435,21,23,33,16,39,25,13,15,86,39,29,6,23,7,16,9,31,6,11,94,122,26,20,91,163,141,95,231,265,187,108,48,154,70
RobotFramework,25,22,6,28,41,90,56,29,39,58,69,283,585,304,122,223,195,349,498,246,264,404,341,320,148,282,437,531,588,1219,1749,1236,1032,997,919,1251,1022
wisp,24,3,16,118,25,51,207,174,136,40,157,35,25,44,42,61,26,71,95,61,90,101,73,73,29,51,61,49,18,34,36,23,11,5,6,12,3
Xojo,23,29,1,25,27,71,16,203,134,13,69,457,45,84,153,270,522,180,361,479,355,579,434,365,161,253,512,373,159,122,174,135,78,75,57,59,177
Monkey,23,29,29,25,24,41,147,62,87,85,129,55,120,112,68,65,99,24,89,36,30,79,95,76,69,194,87,38,101,72,92,27,16,7,5,27,46
MAXScript,22,23,0,30,58,61,81,75,22,90,87,77,26,36,24,45,49,54,107,52,53,171,77,106,75,139,230,269,168,185,186,169,169,140,178,268,391
PureBasic,19,12,26,6,23,73,14,71,60,47,78,67,33,64,107,59,68,53,3092,552,484,569,735,610,549,450,473,568,923,570,560,542,460,656,798,545,485
DIGITALCommandLanguage,18,16,5,13,127,83,127,161,113,1315,543,366,491,478,520,296,603,316,647,648,802,1125,1047,1199,1097,1643,982,1308,1250,1450,1572,1418,1237,1312,1423,1517,1229
ooc,16,115,134,162,248,162,72,14,3,77,177,577,500,773,575,465,496,421,845,858,474,316,1378,875,2403,3013,5285,2450,2245,2012,2519,1223,1239,680,158,551,644
XProc,16,37,25,43,63,98,48,77,120,99,8,96,138,92,47,62,83,420,142,183,70,143,74,52,188,87,149,91,198,149,249,200,164,139,41,60,56
Fancy,14,164,12,2,12,33,6,13,1,4,1,0,5,3,2,5,6,3,2,3,1,3,1,2,1,1,7,0,1,2,1,2,1,7,10,3,3
DTrace,12,10,12,2,1,1,5,40,13,26,1,27,1,3,19,98,101,22,87,102,86,40,49,81,46,176,84,79,130,127,90,173,132,85,95,148,123
Stata,12,54,2,39,100,172,138,220,617,370,742,770,846,677,608,796,971,1194,1627,1378,1884,1338,868,900,771,1293,877,920,869,909,867,615,578,644,762,988,868
HyPhy,12,2,1,0,0,0,0,0,1,0,0,4,21,3,1,4,3,4,0,3,217,50,0,39,7,5,9,19,9,23,9,16,2,3,8,9,2
Glyph,12,0,0,17,6,1,39,14,23,3,0,10,27,19,3,95,13,35,35,8,13,4,6,1,12,6,2,5,17,7,21,12,19,15,3,4,0
Boo,12,270,26,411,158,107,135,34,2,14,34,51,40,83,38,154,217,3,52,27,77,26,6,22,16,12,51,61,30,6,21,19,8,19,62,37,12
Turing,11,15,67,20,5,40,118,21,28,19,12,4,25,12,5,7,5,19,43,37,55,25,35,12,44,587,674,261,85,1,8,12,29,16,82,61,42
Bison,11,30,16,1,2,7,26,19,86,25,52,19,86,73,340,877,397,391,1113,568,306,111,4,5,5,12,13,11,34,10,4,60,20,19,5,7,5
MTML,11,7,0,16,7,2,10,10,1,0,5,3,9,9,3,45,20,104,36,44,83,31,2,20,5,16,53,45,17,44,0,7,0,0,3,1,4
ABAP,9,12,0,6,30,47,38,12,23,51,183,46,134,152,138,225,78,112,198,224,145,179,273,210,216,190,390,273,434,512,392,142,474,534,375,332,992
Shen,9,5,70,28,4,37,11,7,17,12,7,13,16,4,10,210,65,131,55,59,82,45,44,8,19,4,10,21,15,13,10,1,10,8,16,9,5
AspectJ,7,88,92,63,71,43,63,167,175,148,113,296,97,151,172,381,159,198,163,158,186,148,265,240,163,194,252,89,96,110,180,76,58,35,40,42,72
NetLinx,7,30,0,0,7,22,51,12,6,0,5,20,17,8,3,4,16,16,18,30,71,29,43,155,39,24,24,6,22,20,8,13,34,31,28,33,23
Thrift,7,7,5,34,77,21,60,38,12,17,10,58,107,44,113,67,492,1227,3190,3357,2446,3012,3993,2517,2477,294,173,365,311,185,154,184,259,209,141,183,191
Fantom,5,23,0,30,16,7,76,37,75,84,13,4,2,90,222,69,36,6,22,9,19,19,1,1,4,0,190,63,42,35,1,16,18,35,54,7,1
EmberScript,5,52,6,24,12,0,40,2,20,41,16,30,87,119,57,41,45,26,37,53,81,113,47,80,68,39,110,85,45,46,80,98,21,28,48,47,62
ChucK,4,15,22,8,65,27,20,85,75,75,56,34,90,27,52,133,114,155,122,143,199,163,73,144,77,188,212,137,90,121,144,92,60,53,68,63,89
IGORPro,3,31,0,19,25,34,18,22,18,94,41,38,42,60,19,70,48,139,99,71,70,53,45,133,93,257,59,63,112,128,102,161,107,97,99,135,117
KRL,3,15,0,178,144,3368,3521,559,73,258,353,307,174,248,209,138,50,7,629,119,4,11,10,38,74,106,35,32,41,61,410,180,47,26,87,124,41
Papyrus,3,7,2,33,13,14,2,13,30,311,288,381,74,85,429,547,909,403,402,263,494,442,354,262,276,313,179,243,456,217,219,721,263,259,163,351,105
RAML,2,93,0,168,240,197,102,67,98,145,113,78,102,116,180,90,181,186,436,501,438,396,631,700,699,744,751,747,653,1396,834,1122,756,643,846,935,1073
PogoScript,2,35,3,38,50,95,12,11,10,5,56,13,25,20,32,8,30,91,15,6,22,15,15,54,36,13,4,2,13,2,7,1,3,2,2,8,4
Rouge,2,0,0,0,5,0,56,16,8,7,0,1,0,0,0,23,0,0,0,0,0,0,13,0,0,29,18,89,1,0,0,0,2,1,0,0,0
POV-RaySDL,2,3,1,0,3,26,0,1,0,1,1,1,0,3,59,23,0,1,9,14,0,1,34,1,0,2,0,56,32,128,144,144,254,124,248,397,293
M4,2,0,0,0,0,0,0,0,1,0,0,2,0,0,0,0,0,0,0,0,0,0,2,0,0,0,0,1,0,9,102,509,309,425,288,383,452
Hy,2,10,21,37,386,112,56,159,93,56,140,132,153,149,170,291,258,191,300,219,373,765,742,208,176,368,142,270,286,214,182,175,158,126,137,188,149
BlitzMax,1,0,12,15,2,27,118,130,88,53,94,69,76,110,56,48,74,67,51,113,70,179,159,368,371,276,128,26,171,156,162,105,168,255,75,177,262
ComponentPascal,1,29,4,25,4,15,142,156,220,239,215,201,26,88,188,238,190,211,306,56,201,294,139,106,139,58,137,328,620,239,47,64,101,10,18,28,33
HCL,1,0,1,6,2,1,1,0,44,66,37,18,45,42,66,28,71,250,967,1383,2629,1694,1679,1972,2089,2316,3497,3397,3664,3046,2645,3152,2954,2439,2655,4695,3526
Cirru,1,0,0,3,30,15,26,22,23,67,19,8,48,39,10,5,34,7,87,71,35,78,73,126,73,96,54,26,51,86,71,48,55,62,38,29,20
PigLatin,1,64,6,42,3,59,53,209,31,51,42,53,57,216,161,217,120,151,134,147,158,141,71,121,106,237,153,180,99,69,55,89,121,143,42,78,42
Charity,1,0,16,1,0,0,0,0,0,0,0,1,0,0,0,0,0,0,0,0,1,28,2,89,6,0,12,20,89,9,4,22,19,9,2,1,4
Opal,0,0,0,0,0,0,3,0,0,0,0,0,0,0,1,0,0,0,0,0,1,1,0,0,21,6,0,0,0,0,0,0,0,0,0,4,1
ANTLR,0,4,3,42,97,108,195,149,263,167,155,145,63,198,112,127,125,121,172,164,181,150,251,137,199,494,500,128,239,219,210,359,243,227,130,232,208
Alloy,0,0,0,0,16,11,9,47,181,49,72,81,45,3,6,73,68,302,342,201,149,61,482,171,91,587,617,387,488,247,75,124,97,52,34,126,127
Befunge,0,0,0,0,0,0,0,0,0,0,0,0,0,0,0,0,0,0,0,0,0,0,0,0,0,0,0,0,0,0,0,8,0,0,1,0,0
Cap'nProto,0,0,0,0,0,0,0,54,3,0,1,16,8,4,11,16,70,15,16,6,18,2,7,60,53,46,30,69,89,27,25,31,79,51,34,82,188
Clarion,0,0,0,1,5,7,1,4,4,3,3,5,3,1,3,0,1,5,8,2,37,0,0,23,8,23,37,10,4,1,1,7,5,1,5,2,1
Click,0,0,0,0,0,0,0,0,0,0,0,0,0,0,0,0,0,0,0,25,10,2,0,0,7,0,105,74,165,2,1,0,3,0,1,11,0
Cool,0,0,0,0,0,0,0,0,0,0,0,0,0,0,0,3,0,0,1,17,32,53,21,3,4,12,10,269,141,35,32,21,5,8,15,70,29
CsoundDocument,0,0,0,0,0,0,0,0,0,0,0,0,0,0,0,0,0,0,0,0,0,0,0,0,0,0,0,0,0,0,0,0,0,1,18,14,13
CsoundDocument,0,0,0,0,0,0,0,0,0,0,0,0,0,0,0,0,0,0,0,0,0,0,0,0,0,0,0,0,0,0,0,0,0,1,18,14,13
CsoundScore,0,0,0,0,0,0,0,0,0,0,0,0,0,0,0,0,0,0,0,0,0,0,0,0,0,0,0,0,0,0,0,0,0,0,0,0,2
Cycript,0,0,0,3,1,3,2,3,8,7,7,1,0,12,10,23,3,3,9,2,1,7,0,6,5,23,1,29,20,4,4,5,0,11,1,7,1
DCPU-16Assembly,0,0,0,0,0,0,0,0,0,0,0,0,0,0,0,0,0,0,0,0,0,0,0,0,0,0,0,0,0,0,0,0,0,0,0,0,0
Dogescript,0,19,0,7,1,1,10,4,23,40,17,10,1,1,7,0,21,0,2,29,8,4,0,7,38,6,24,7,16,9,3,4,4,0,1,0,0
E,0,12,4,21,41,0,4,15,46,3,7,56,82,28,46,56,15,0,8,34,71,76,104,161,73,135,164,56,103,16,26,5,53,19,4,26,23
EQ,0,0,0,0,0,0,0,0,0,0,0,0,1,0,0,0,0,0,0,0,0,0,0,0,0,0,0,0,0,0,0,0,0,0,6,0,0
FreeMarker,0,16,0,10,94,77,83,95,57,138,123,78,765,934,824,527,468,363,1412,1281,1288,2026,1557,1053,1530,1833,1808,1935,3040,2226,601,530,392,1123,638,831,740
GAMS,0,27,0,15,7,12,18,9,18,17,52,71,41,48,33,27,144,111,55,233,64,21,15,5,13,46,21,39,14,89,19,26,15,1,26,42,122
GCCMachineDescription,0,0,0,0,0,0,0,0,1,0,1,0,0,1,0,1,0,0,0,220,28,89,69,94,107,35,50,30,10,10,14,615,447,307,1813,4801,3982
GDB,0,0,0,0,0,0,0,0,0,0,0,0,0,0,0,0,0,0,0,0,0,0,0,0,0,0,0,0,0,0,0,0,0,0,9,18,14
GDScript,0,0,0,0,0,7,0,0,0,0,1,14,22,92,270,226,411,565,338,1857,1171,746,840,1087,937,739,648,1552,1594,920,787,1337,973,1088,966,1323,799
Golo,0,0,0,0,0,0,0,0,0,0,5,1,5,0,0,94,52,14,3,1,0,66,10,20,0,5,12,39,18,4,17,1,0,10,28,82,0
Grace,0,0,0,0,0,0,0,0,0,6,0,0,26,43,10,7,0,1,0,106,41,80,4,2,8,3,0,3,0,25,6,18,12,10,24,33,9
HLSL,0,0,0,0,0,0,0,0,0,0,0,0,1,0,0,0,0,0,0,0,0,0,0,0,0,1,0,0,0,0,2,87,51,42,18,107,137
Harbour,0,0,20,0,2,3,0,3,13,76,1,8,0,0,3,0,0,0,1,1,15,24,28,31,26,26,2,0,43,54,28,12,12,12,20,0,1
Ioke,0,3,6,3,5,1,43,0,0,0,0,0,0,3,0,0,6,0,0,0,0,0,0,0,0,0,0,0,0,0,0,0,0,0,1,0,0
JFlex,0,0,0,0,0,0,0,0,0,0,0,0,0,0,0,0,0,0,1,17,4,3,0,0,0,0,0,0,0,0,0,0,0,0,0,0,0
JSONiq,0,0,0,29,20,130,226,250,282,158,351,681,732,841,645,90,6,31,17,9,26,16,6,3,4,3,0,47,86,9,7,1,68,70,43,7,1
Jasmin,0,5,0,6,0,0,5,0,0,0,0,1,2,0,8,51,7,11,12,29,14,13,6,23,29,43,15,9,52,69,9,117,206,61,12,15,61
Kit,0,0,13,11,4,19,77,4,40,54,34,40,7,6,0,1,17,10,19,19,2,24,28,17,63,9,4,23,52,6,2,23,38,16,3,88,19
LOLCODE,0,10,0,0,0,0,0,0,7,0,1,1,2,47,3,2,6,5,9,9,62,19,18,2,41,20,12,55,29,11,4,20,8,0,29,15,5
Lean,0,0,0,0,0,0,0,0,0,0,0,0,0,0,0,0,0,0,11,90,172,148,45,27,54,38,25,25,91,105,57,71,30,14,8,2,96
LookML,0,1,0,0,3,3,3,4,3,3,1,61,56,76,130,155,181,329,483,277,258,269,274,500,691,772,912,276,623,894,546,518,674,276,425,453,552
Max/MSP,0,0,0,0,0,0,0,0,0,0,0,0,0,0,0,0,1,0,0,0,0,0,0,1,0,0,0,0,0,0,0,0,1,0,0,0,0
Metal,0,0,0,0,0,0,0,0,0,0,0,0,0,0,0,0,0,0,0,0,0,0,0,0,0,29,9,5,56,2,3,3,2,1,4,6,4
ModuleManagementSystem,0,0,0,0,0,0,0,0,0,0,0,0,0,0,0,0,0,0,0,0,0,0,0,0,0,0,0,0,3,0,0,0,0,0,0,0,0
Moocode,0,0,0,0,0,0,0,0,0,2,1,0,0,0,0,0,0,0,0,0,0,0,0,1,0,0,0,0,0,0,0,0,0,0,0,0,0
Nit,0,0,0,0,0,0,0,0,0,0,2,41,2,0,1,0,13,5,8,30,7,0,3,2,18,0,0,0,0,16,68,34,23,77,1,98,37
Omgrofl,0,0,0,0,7,9,0,0,0,0,0,0,0,0,0,0,0,1,0,7,15,2,0,0,0,0,0,0,0,0,0,0,0,0,0,0,0
1CEnterprise,0,0,0,0,0,0,0,0,0,0,0,0,0,0,0,0,0,0,0,0,0,0,0,0,0,0,0,0,0,0,0,0,0,0,1,32,133
Ox,0,0,0,0,0,0,0,0,16,1,3,1,45,26,4,17,6,13,64,42,36,19,5,27,15,3,30,20,2,0,2,28,5,6,5,7,5
PicoLisp,0,0,0,19,0,11,45,122,171,235,72,24,270,239,189,488,385,885,841,1217,2205,623,343,437,287,342,344,277,91,85,84,114,74,40,42,27,46
PowerBuilder,0,0,0,0,0,0,0,0,0,0,0,0,0,0,0,0,0,0,0,0,0,0,0,0,0,0,0,0,0,0,0,0,0,0,0,11,7
PureScript,0,0,0,0,0,18,211,376,806,683,1135,1753,1053,1891,2147,1660,1594,1976,3726,3764,3840,2974,3119,4431,3646,3716,4111,3577,5432,4739,4138,3768,3654,3762,3301,3639,2587
QMake,0,1,4,4,2,11,13,24,18,37,113,131,20,15,40,82,88,246,344,289,295,185,371,358,303,412,199,218,254,177,205,659,1149,275,127,144,100
REXX,0,0,0,0,0,0,0,0,0,0,0,0,0,0,0,0,0,0,0,0,0,0,0,0,0,0,0,0,0,0,0,0,0,0,0,0,4
Redcode,0,0,0,0,0,0,0,56,36,0,8,18,61,33,7,25,7,9,11,7,0,34,2,4,0,22,0,0,0,0,0,0,0,0,0,0,0
Ren'Py,0,0,0,0,0,0,0,0,0,0,0,0,0,0,0,0,0,3,2,1,0,0,0,0,0,0,0,3,0,0,4,187,221,274,212,101,154
RenderScript,0,0,0,5,0,0,0,0,0,6,32,53,22,13,19,16,52,115,28,108,101,68,31,19,14,24,10,5,2,2,16,8,0,3,1,28,4
SRecodeTemplate,0,0,0,0,0,0,0,0,0,0,0,0,0,0,0,0,0,0,0,0,0,0,0,0,0,0,0,0,0,2,0,4,0,0,20,13,11
ShellSession,0,0,0,0,0,0,0,0,0,0,0,0,0,0,0,0,0,0,0,0,0,0,0,0,0,15,0,0,0,0,0,0,0,0,0,0,0
TLA,0,0,0,0,0,0,0,0,0,0,0,0,0,0,0,0,0,0,0,0,0,0,0,0,0,0,0,0,0,0,0,0,32,11,7,11,19
TXL,0,0,0,17,1,3,2,0,0,0,0,0,0,0,2,8,0,0,0,5,32,42,0,0,0,6,12,1,1,0,0,70,38,0,1,0,0
Tea,0,0,0,0,0,0,0,0,0,0,0,0,0,0,1,0,0,0,0,0,0,0,0,0,3,37,0,0,0,0,0,3,0,0,0,8,0
Terra,0,0,0,0,0,0,0,0,0,0,0,0,1,0,0,0,0,0,0,0,3,2,0,0,0,2,0,0,0,0,0,0,150,121,95,112,162
GCCMachineDescription,0,0,0,0,0,0,0,0,1,0,1,0,0,1,0,1,0,0,0,220,28,89,69,94,107,35,50,30,10,10,14,615,447,307,1813,4801,3982
GDB,0,0,0,0,0,0,0,0,0,0,0,0,0,0,0,0,0,0,0,0,0,0,0,0,0,0,0,0,0,0,0,0,0,0,9,18,14
GDScript,0,0,0,0,0,7,0,0,0,0,1,14,22,92,270,226,411,565,338,1857,1171,746,840,1087,937,739,648,1552,1594,920,787,1337,973,1088,966,1323,799
Golo,0,0,0,0,0,0,0,0,0,0,5,1,5,0,0,94,52,14,3,1,0,66,10,20,0,5,12,39,18,4,17,1,0,10,28,82,0
Grace,0,0,0,0,0,0,0,0,0,6,0,0,26,43,10,7,0,1,0,106,41,80,4,2,8,3,0,3,0,25,6,18,12,10,24,33,9
HLSL,0,0,0,0,0,0,0,0,0,0,0,0,1,0,0,0,0,0,0,0,0,0,0,0,0,1,0,0,0,0,2,87,51,42,18,107,137
Harbour,0,0,20,0,2,3,0,3,13,76,1,8,0,0,3,0,0,0,1,1,15,24,28,31,26,26,2,0,43,54,28,12,12,12,20,0,1
Ioke,0,3,6,3,5,1,43,0,0,0,0,0,0,3,0,0,6,0,0,0,0,0,0,0,0,0,0,0,0,0,0,0,0,0,1,0,0
JFlex,0,0,0,0,0,0,0,0,0,0,0,0,0,0,0,0,0,0,1,17,4,3,0,0,0,0,0,0,0,0,0,0,0,0,0,0,0
JSONiq,0,0,0,29,20,130,226,250,282,158,351,681,732,841,645,90,6,31,17,9,26,16,6,3,4,3,0,47,86,9,7,1,68,70,43,7,1
Jasmin,0,5,0,6,0,0,5,0,0,0,0,1,2,0,8,51,7,11,12,29,14,13,6,23,29,43,15,9,52,69,9,117,206,61,12,15,61
Kit,0,0,13,11,4,19,77,4,40,54,34,40,7,6,0,1,17,10,19,19,2,24,28,17,63,9,4,23,52,6,2,23,38,16,3,88,19
LOLCODE,0,10,0,0,0,0,0,0,7,0,1,1,2,47,3,2,6,5,9,9,62,19,18,2,41,20,12,55,29,11,4,20,8,0,29,15,5
Lean,0,0,0,0,0,0,0,0,0,0,0,0,0,0,0,0,0,0,11,90,172,148,45,27,54,38,25,25,91,105,57,71,30,14,8,2,96
LookML,0,1,0,0,3,3,3,4,3,3,1,61,56,76,130,155,181,329,483,277,258,269,274,500,691,772,912,276,623,894,546,518,674,276,425,453,552
Max/MSP,0,0,0,0,0,0,0,0,0,0,0,0,0,0,0,0,1,0,0,0,0,0,0,1,0,0,0,0,0,0,0,0,1,0,0,0,0
Metal,0,0,0,0,0,0,0,0,0,0,0,0,0,0,0,0,0,0,0,0,0,0,0,0,0,29,9,5,56,2,3,3,2,1,4,6,4
ModuleManagementSystem,0,0,0,0,0,0,0,0,0,0,0,0,0,0,0,0,0,0,0,0,0,0,0,0,0,0,0,0,3,0,0,0,0,0,0,0,0
Moocode,0,0,0,0,0,0,0,0,0,2,1,0,0,0,0,0,0,0,0,0,0,0,0,1,0,0,0,0,0,0,0,0,0,0,0,0,0
Nit,0,0,0,0,0,0,0,0,0,0,2,41,2,0,1,0,13,5,8,30,7,0,3,2,18,0,0,0,0,16,68,34,23,77,1,98,37
Omgrofl,0,0,0,0,7,9,0,0,0,0,0,0,0,0,0,0,0,1,0,7,15,2,0,0,0,0,0,0,0,0,0,0,0,0,0,0,0
1CEnterprise,0,0,0,0,0,0,0,0,0,0,0,0,0,0,0,0,0,0,0,0,0,0,0,0,0,0,0,0,0,0,0,0,0,0,1,32,133
Ox,0,0,0,0,0,0,0,0,16,1,3,1,45,26,4,17,6,13,64,42,36,19,5,27,15,3,30,20,2,0,2,28,5,6,5,7,5
PicoLisp,0,0,0,19,0,11,45,122,171,235,72,24,270,239,189,488,385,885,841,1217,2205,623,343,437,287,342,344,277,91,85,84,114,74,40,42,27,46
PowerBuilder,0,0,0,0,0,0,0,0,0,0,0,0,0,0,0,0,0,0,0,0,0,0,0,0,0,0,0,0,0,0,0,0,0,0,0,11,7
PureScript,0,0,0,0,0,18,211,376,806,683,1135,1753,1053,1891,2147,1660,1594,1976,3726,3764,3840,2974,3119,4431,3646,3716,4111,3577,5432,4739,4138,3768,3654,3762,3301,3639,2587
QMake,0,1,4,4,2,11,13,24,18,37,113,131,20,15,40,82,88,246,344,289,295,185,371,358,303,412,199,218,254,177,205,659,1149,275,127,144,100
REXX,0,0,0,0,0,0,0,0,0,0,0,0,0,0,0,0,0,0,0,0,0,0,0,0,0,0,0,0,0,0,0,0,0,0,0,0,4
Redcode,0,0,0,0,0,0,0,56,36,0,8,18,61,33,7,25,7,9,11,7,0,34,2,4,0,22,0,0,0,0,0,0,0,0,0,0,0
Ren'Py,0,0,0,0,0,0,0,0,0,0,0,0,0,0,0,0,0,3,2,1,0,0,0,0,0,0,0,3,0,0,4,187,221,274,212,101,154
RenderScript,0,0,0,5,0,0,0,0,0,6,32,53,22,13,19,16,52,115,28,108,101,68,31,19,14,24,10,5,2,2,16,8,0,3,1,28,4
SRecodeTemplate,0,0,0,0,0,0,0,0,0,0,0,0,0,0,0,0,0,0,0,0,0,0,0,0,0,0,0,0,0,2,0,4,0,0,20,13,11
ShellSession,0,0,0,0,0,0,0,0,0,0,0,0,0,0,0,0,0,0,0,0,0,0,0,0,0,15,0,0,0,0,0,0,0,0,0,0,0
TLA,0,0,0,0,0,0,0,0,0,0,0,0,0,0,0,0,0,0,0,0,0,0,0,0,0,0,0,0,0,0,0,0,32,11,7,11,19
TXL,0,0,0,17,1,3,2,0,0,0,0,0,0,0,2,8,0,0,0,5,32,42,0,0,0,6,12,1,1,0,0,70,38,0,1,0,0
Tea,0,0,0,0,0,0,0,0,0,0,0,0,0,0,1,0,0,0,0,0,0,0,0,0,3,37,0,0,0,0,0,3,0,0,0,8,0
Terra,0,0,0,0,0,0,0,0,0,0,0,0,1,0,0,0,0,0,0,0,3,2,0,0,0,2,0,0,0,0,0,0,150,121,95,112,162
Uno,0,0,0,0,0,0,0,0,0,0,0,0,0,0,0,0,0,0,0,0,0,0,0,0,0,0,12,0,0,3,18,62,29,59,10,55,111
UrWeb,0,0,0,0,3,2,0,0,0,0,3,25,0,1,6,48,17,36,0,11,4,5,36,9,1,2,1,123,42,59,36,9,33,0,36,13,4
WebIDL,0,0,0,0,0,0,0,0,0,0,0,0,0,0,0,21,9,0,15,0,0,0,0,0,0,0,0,0,0,0,0,0,0,16,4,57,92
XPages,0,0,0,0,0,0,0,0,0,0,0,0,0,0,0,1,1,0,39,4,0,9,63,4,1,9,9,7,6,17,12,0,41,7,0,43,4
Zephir,0,0,0,0,4,0,0,6,34,12,88,154,225,88,85,47,169,147,41,294,261,43,37,131,56,46,13,37,94,61,99,36,37,22,6,16,23
Zimpl,0,0,0,0,0,5,0,0,16,3,0,5,3,6,0,0,8,13,1,0,5,0,0,0,1,0,0,13,0,0,0,0,11,2,0,2,1
mupad,0,0,0,0,0,0,0,0,0,0,0,0,0,0,0,0,0,0,0,1,0,1335,7,40,8,19,0,182,20,9,4,1,1,0,0,2,3
